{
    "width": 1600,
    "height": 1200,
    "exposure": -8,
    "brightness": 0,
    "contrast": 0,
    "hue": 0,
    "saturation": 128,
    "sharpness": 3,
    "imgDiffBinTreshold": 205,
    "imgAndBinTreshold": 50,
    "medianBlur": 9,
    "browserEvent": "params",
    "objShadowTresholdVal": 128,
    "feedStatus": "rawImage",
    "obj": {
        "hue": {
            "max": 1,
            "min": 0
        }, 
        "saturation": {
            "max": 1,
            "min": 0.387
        },
        "value": {
            "max": 1,
            "min": 0
        }
    },
    "shadowOnObj": {
        "hue": {
            "max": 0.539,
            "min": 0.192
        }, 
        "saturation": {
            "max": 1,
            "min": 0.240
        },
        "value": {
            "max": 0.253,
            "min": 0
        }
    },
    "default": {
        "width": 1600,
        "height": 1200,
        "exposure": -6,
        "brightness": 0,
        "contrast": 32,
        "hue": 0,
        "saturation": 64,
        "sharpness": 3
    },
    "homographyMatrix": [
        [
            5.079053647431133e-06,
            -5.475219832828209e-04,
            0.224511299503042
        ],
        [
            -5.494275672572568e-04,
            -1.011837140387550e-06,
            0.974457649498132
        ],
        [
            1.174112215996749e-08,
            -1.921899063852394e-08,
            -0.005134593677710
        ]
    ],
    "virLightPos": [
        -3.382978646119368e+02,
        1.228094975199053e+02,
        2.164641969419283e+02
    ],
    "virLightPosImg": 
    [-3.382978646119368e+02, 1.228094975199053e+02, 2.164641969419283e+02]
}