{
    "width": 1600,
    "height": 1200,
    "exposure": -9,
    "brightness": 0,
    "contrast": 0,
    "hue": 0,
    "saturation": 128,
    "sharpness": 3,
    "default": {
        "width": 1600,
        "height": 1200,
        "exposure": -6,
        "brightness": 0,
        "contrast": 32,
        "hue": 0,
        "saturation": 64,
        "sharpness": 3
    },
    "imgDiffBinTreshold": 212,
    "imgAndBinTreshold": 118,
    "medianBlur": 15,
    "browserEvent": "params",
    "objShadowTresholdVal": 128,
    "feedStatus": "rawImage",
    "homographyMatrix": [
        [
            5.079053647431133e-06,
            -5.475219832828209e-04,
            0.224511299503042
        ],
        [
            -5.494275672572568e-04,
            -1.011837140387550e-06,
            0.974457649498132
        ],
        [
            1.174112215996749e-08,
            -1.921899063852394e-08,
            -0.005134593677710
        ]
    ],
    "virLightPos": [
        -3.382978646119368e+02,
        1.228094975199053e+02,
        2.164641969419283e+02
    ],
    "virLightPosImg": 
    [-3.382978646119368e+02, 1.228094975199053e+02, 2.164641969419283e+02]
}